FileName,SettlingTime_s,PeakTime_s,PercentOvershoot,SteadyStateError_rad
PID_90deg_PosControl_10_0_0.mat,0,0,0.0986592695116997,0.00151681900024414
PID_90deg_PosControl_1_0_0.mat,0,0,0,0
PID_90deg_PosControl_20_0_0.mat,3.24,17.878,0.977707087993622,0.00458419322967529
PID_90deg_PosControl_30_0_0.mat,3.252,13.575,1.02640557289124,0.00615167617797852
PID_90deg_PosControl_40_0_0.mat,2.775,9.033,1.07536470890045,0.00074923038482666
PID_PosControl_1_0_0.mat,0,0,0,0
velPID_1.01.0_posPID_1.05.005.mat,1.088,1.289,1.41566634178162,0.00148510502185673
velPID_10_0.01_0_posPID_2_2.5_0.01_180deg_withoutpositionIntegrationwindup.mat,13.214,8.813,7.68922710418701,0.00149988697376102
velPID_2.001.0_posPID_2.05.001_usewithKalman.mat,1.649,1.86,0.244081720709801,0.00158285663928837
